author,text,source
General,"Early Church History, also called Patristics, is the study of the first centuries of Christianity, focusing on the writings and teachings of the Church Fathers.","Overview"
General,"The Church Fathers wrote extensively on theology, doctrine, and moral guidance. Their works form the foundation of what we now call Patristics.","Overview"
General,"Patristics studies include the letters, homilies, and treatises of early Christian leaders, providing insight into the development of doctrine, ecclesiastical structure, and Christian life in the first centuries.","Overview"
Ignatius of Antioch,"Ignatius emphasized unity in the Church and the importance of following the teachings of the apostles. He is also known for his letters to various Christian communities advocating obedience to bishops.","Letter to the Ephesians"
Ignatius of Antioch,"Ignatius taught that where the bishop appears, there let the congregation be; just as wherever Jesus Christ is, there is the catholic Church.","Letter to the Smyrnaeans"
Ignatius of Antioch,"He encouraged Christians to honor the bishop and presbyters, for this brings about harmony in the church.","Letter to the Magnesians"
Ignatius of Antioch,"Ignatius described martyrdom as a path to imitate Christ: 'I am the wheat of God, and let me be ground by the teeth of wild beasts.'","Letter to the Romans"
Ignatius of Antioch,"He urged Christians to avoid divisions and heresies, saying, 'Do nothing without the bishop, keep your body as the temple of God, love unity, avoid divisions.'","Letter to the Trallians"
Irenaeus of Lyons,"Irenaeus worked against heresies and emphasized the continuity of the apostolic tradition. He wrote, 'The glory of God is man fully alive; the life of man consists in the knowledge of God.'","Against Heresies, Book IV"
Irenaeus of Lyons,"He argued that the true faith is preserved by bishops in apostolic succession from the apostles to the present.","Against Heresies, Book III"
Irenaeus of Lyons,"Irenaeus defended the unity of the Old and New Testaments and taught that Christ recapitulated humanity in himself.","Against Heresies, Book V"
Irenaeus of Lyons,"He taught that doctrine and salvation should be sought from the Church, where the Spirit is, rather than from private ideas or heresies.","Against Heresies, Book I"
Irenaeus of Lyons,"Irenaeus stressed that Christ, as the new Adam, brought restoration: 'He became what we are, that He might bring us to be even what He is Himself.'","Against Heresies, Book V"
Polycarp of Smyrna,"Polycarp, a disciple of John the Apostle, encouraged steadfast faith and endurance, exhorting believers to 'stand firm in the faith, like an athlete running his race until the end.'","Letter to the Philippians"
Polycarp of Smyrna,"He warned against love of money and encouraged believers to avoid greed, teaching that the love of money is the root of all evil.","Letter to the Philippians"
Polycarp of Smyrna,"When commanded to deny Christ at his martyrdom, Polycarp replied, 'Eighty and six years have I served Him, and He has done me no wrong; how can I blaspheme my King who saved me?'","Martyrdom of Polycarp"
Polycarp of Smyrna,"Polycarp emphasized the value of apostolic tradition and passed on teachings he received from the apostles themselves.","Letter to the Philippians"
Polycarp of Smyrna,"He urged obedience to elders and mutual submission among believers, reminding the church to 'practice all these things with respect and honor.'","Letter to the Philippians"
Tertullian,"Tertullian, writing in North Africa, defended Christianity against Roman accusations and heresies. He famously said, 'The blood of the martyrs is the seed of the Church.'","Apologeticus, Chapter 50"
Tertullian,"He introduced the term 'Trinity' to describe the relationship of Father, Son, and Holy Spirit in Christian theology.","Against Praxeas, Chapter 2"
Tertullian,"Tertullian insisted on the rule of faith as handed down from the apostles, emphasizing Scripture's authority over philosophy.","Prescription Against Heretics"
Tertullian,"He cautioned against blending Christian doctrine with pagan ideas and argued for the distinctive identity of the Church.","On Idolatry, Chapter 1"
Tertullian,"Tertullian stressed Christian moral rigor, urging believers, 'See, we too rejoice, but we do so simply, without any excess or license.'","On Spectacles, Chapter 29"
Clement of Rome,"Clement was one of the earliest bishops of Rome, writing to encourage the Corinthian church to maintain order and righteousness. 'Let us not be satisfied with knowledge alone, but practice righteousness and good works.'","First Epistle of Clement, Chapter 2"
Clement of Rome,"He advised humility and harmony: 'Let us cleave therefore to them that live in peace with godliness.'","First Epistle of Clement, Chapter 15"
Clement of Rome,"Clement taught that God chooses the humble and not the proud, and urged the church to consider examples from Scripture promoting humility.","First Epistle of Clement, Chapter 14"
Clement of Rome,"He reminded the Corinthians of Christ's example: Jesus came not in arrogance or pride, but in humility and gentleness.","First Epistle of Clement, Chapter 16"
Clement of Rome,"Clement emphasized praying for rulers and authorities, instructing believers to obey and honor civil leadership for God's sake.","First Epistle of Clement, Chapter 61"